player,team,grade_old,grade_new,delta,rank_old,rank_new,pool,xp_per_90,xp_pass,residual,ip_p90,rank_gain
Ramón Terrats,Espanyol,5.62,7.48,1.86,292,72,418,2.7,0.404,2.38,0.86,220
Rani Khedira,1. FC Union Berlin,5.55,7.39,1.84,295,93,418,4.53,0.356,1.81,1.66,202
Eli Junior Kroupi,Bournemouth,5.28,6.97,1.68,329,126,418,3.65,0.358,1.62,1.09,203
Mehdi Léris,Pisa,4.6,6.27,1.67,2,1,2,4.25,0.352,0.88,1.62,1
Paul Nebel,1. FSV Mainz 05,5.35,6.88,1.53,319,140,418,6.63,0.33,1.21,1.9,179
Tim Skarke,1. FC Union Berlin,5.2,6.73,1.53,351,143,418,2.05,0.395,2.06,0.68,208
Tino Anjorin,Torino,5.3,6.8,1.49,338,133,418,2.51,0.376,2.72,0.87,205
Josip Brekalo,Real Oviedo,6.22,7.6,1.38,213,57,418,4.39,0.404,2.38,1.29,156
Connor Metcalfe,FC St. Pauli,5.33,6.62,1.29,332,160,418,2.48,0.373,1.71,0.82,172
Merlin Röhl,Everton,4.98,6.25,1.27,378,209,418,3.09,0.333,1.65,0.94,169
Lovro Majer,VfL Wolfsburg,5.68,6.93,1.25,280,134,418,5.45,0.352,1.04,1.66,146
Thiago Fernández,Real Oviedo,5.84,7.07,1.23,263,111,418,4.92,0.378,1.2,1.31,152
Suat Serdar,Hellas Verona,6.99,8.21,1.22,122,28,418,5.82,0.41,2.11,2.6,94
Mauro Arambarri,Getafe,5.93,7.1,1.17,251,117,418,6.06,0.374,0.46,1.41,134
Marshall Munetsi,Wolverhampton,5.67,6.84,1.16,287,128,418,3.31,0.402,1.63,0.85,159
Jean Daniel Akpa-Akpro,Hellas Verona,5.06,6.22,1.15,358,216,418,4.45,0.342,0.74,1.5,142
Morgan Rogers,Aston Villa,7.54,8.69,1.15,80,13,418,7.91,0.39,2.46,3.31,67
Jon Ander Olasagasti,Levante UD,6.48,7.59,1.11,186,76,418,5.92,0.381,1.03,1.75,110
Oihan Sancet,Athletic Club,6.29,7.35,1.07,209,96,418,5.87,0.374,0.9,1.68,113
Jack Hinshelwood,Brighton & Hove Albion,5.45,6.5,1.05,307,184,418,6.69,0.339,0.53,1.69,123
Fabio Miretti,Juventus,5.94,6.97,1.04,250,125,418,5.15,0.367,0.97,1.17,125
Hannibal Mejbri,Burnley,6.9,7.94,1.04,137,47,418,5.88,0.411,0.95,1.78,90
Justin Kluivert,Bournemouth,6.59,7.62,1.03,168,64,418,5.17,0.402,1.38,1.6,104
Jens Odgaard,Bologna,6.15,7.16,1.01,223,104,418,3.7,0.398,1.12,1.23,119
Giovanni Fabbian,Bologna,4.84,5.83,0.99,390,264,418,2.96,0.342,0.6,0.78,126
Claudio Echeverri,Girona FC,5.99,6.96,0.98,244,122,418,4.05,0.383,1.03,1.0,122
Freddie Potts,West Ham United,5.61,6.55,0.94,288,178,418,7.15,0.362,-0.11,1.45,110
Adrian Beck,1. FC Heidenheim,5.2,6.13,0.93,339,227,418,4.6,0.343,0.49,1.17,112
Mikkel Damsgaard,Brentford,7.9,8.83,0.93,50,7,418,8.74,0.408,2.61,3.61,43
Alex Král,1. FC Union Berlin,5.17,6.09,0.92,355,230,418,2.05,0.369,1.11,0.65,125
Thiago Almada,Atlético Madrid,6.62,7.48,0.86,170,85,418,7.97,0.362,0.81,2.26,85
Luca Lipani,Sassuolo,5.12,5.98,0.85,345,245,418,5.54,0.332,0.34,1.21,100
André Almeida,Valencia,6.99,7.83,0.84,126,56,418,8.73,0.384,0.62,2.05,70
Nahuel Estévez,Parma,5.94,6.77,0.83,249,152,418,5.15,0.383,0.08,1.61,97
Unai Gómez,Athletic Club,4.84,5.67,0.83,398,287,418,1.99,0.344,0.73,0.44,111
Carney Chukwuemeka,Borussia Dortmund,6.07,6.89,0.82,234,135,418,4.39,0.383,0.61,1.64,99
Yuito Suzuki,SC Freiburg,5.9,6.72,0.82,254,155,418,4.77,0.382,0.19,1.44,99
Joseph Liteta,Cagliari,5.5,6.31,0.81,321,193,418,8.19,0.298,1.18,1.25,128
Lassana Coulibaly,Lecce,5.69,6.49,0.8,279,185,418,6.71,0.352,0.15,1.33,94
Thomas Partey,Villarreal,5.84,6.64,0.79,261,168,418,6.76,0.346,0.46,1.88,93
Jakub Kamiński,1. FC Köln,6.99,7.76,0.77,127,62,418,8.56,0.363,0.95,2.88,65
Jae-sung Lee,1. FSV Mainz 05,5.64,6.41,0.77,284,194,418,6.06,0.334,0.7,1.93,90
Jamie Leweling,VfB Stuttgart,5.57,6.32,0.75,293,205,418,6.64,0.347,0.08,1.66,88
Bilal El Khannouss,VfB Stuttgart,7.7,8.45,0.75,67,23,418,11.58,0.388,0.8,3.4,44
Mohamed Kaba,Lecce,5.82,6.56,0.75,267,167,418,3.8,0.404,0.22,0.73,100
Jakub Piotrowski,Udinese,5.29,6.03,0.74,326,239,418,4.83,0.356,-0.05,1.36,87
Edu Expósito,Espanyol,8.0,8.71,0.72,42,12,418,9.17,0.427,1.21,3.22,30
Oumar Ngom,Lecce,5.58,6.31,0.72,296,203,418,5.11,0.363,0.19,1.67,93
Carlos Alcaraz,Everton,5.48,6.19,0.71,308,218,418,4.85,0.358,0.19,1.17,90
Giovanni Reyna,Borussia M'gladbach,6.02,6.7,0.68,240,154,418,4.71,0.365,0.81,1.79,86
Jan Schöppner,1. FC Heidenheim,5.23,5.91,0.68,333,253,418,5.09,0.333,0.34,1.65,80
Santi Comesaña,Villarreal,6.7,7.38,0.68,161,94,418,10.14,0.344,0.57,2.74,67
Isco,Real Betis,5.97,6.64,0.67,246,153,418,6.48,0.348,0.9,1.38,93
Nelson Deossa,Real Betis,5.5,6.16,0.67,305,222,418,5.08,0.363,-0.08,1.26,83
Ísak Bergmann Jóhannesson,1. FC Köln,7.2,7.87,0.67,109,53,418,9.27,0.385,0.46,2.48,56
Alessio Castro-Montes,1. FC Köln,6.48,7.14,0.66,182,106,418,6.38,0.371,0.92,1.93,76
Alejandro Rego Mora,Athletic Club,5.6,6.25,0.65,289,213,418,5.37,0.369,-0.25,1.52,76
Will Hughes,Crystal Palace,6.91,7.55,0.65,136,79,418,6.86,0.39,0.46,2.26,57
Youssouf Fofana,AC Milan,6.16,6.8,0.64,224,149,418,7.02,0.353,0.35,1.91,75
Pape Gueye,Villarreal,7.97,8.62,0.64,44,16,418,11.29,0.391,1.29,4.17,28
András Schäfer,1. FC Union Berlin,4.65,5.28,0.63,401,327,418,4.23,0.311,0.31,1.21,74
Luka Ilić,Real Oviedo,4.81,5.44,0.62,397,316,418,3.02,0.307,0.77,0.68,81
Nicolás Domínguez,Nottingham Forest,6.06,6.67,0.61,236,164,418,5.77,0.351,0.62,2.15,72
Eljif Elmas,SSC Napoli,4.91,5.53,0.61,370,298,418,6.53,0.324,-0.23,1.27,72
Omri Gandelman,Lecce,5.09,5.69,0.6,363,284,418,2.85,0.347,0.23,0.84,79
Joshua King,Fulham,4.74,5.34,0.6,399,325,418,2.84,0.338,0.06,0.66,74
Andy Diouf,Inter,4.89,5.48,0.6,386,309,418,3.63,0.325,0.17,1.17,77
Ezechiel Banzuzi,RB Leipzig,5.18,5.78,0.6,346,270,418,3.65,0.362,-0.25,0.62,76
Jamal Musiala,FC Bayern München,5.82,6.42,0.59,265,190,418,5.58,0.344,0.68,1.93,75
Rodrigo Mendoza,Elche,6.11,6.68,0.57,230,163,418,8.01,0.358,-0.11,1.83,67
Diego Gómez,Brighton & Hove Albion,4.7,5.25,0.56,395,330,418,5.63,0.313,-0.02,1.0,65
Assan Ouédraogo,RB Leipzig,5.72,6.28,0.56,278,207,418,4.7,0.369,0.05,1.26,71
Florian Wirtz,Liverpool FC,8.04,8.59,0.55,40,17,418,13.46,0.376,1.12,3.76,23
Luis Milla,Getafe,7.57,8.12,0.55,78,37,418,11.15,0.397,0.04,2.57,41
Mikel Vesga,Athletic Club,5.26,5.8,0.54,337,268,418,3.53,0.378,-0.59,0.83,69
Jens Stage,SV Werder Bremen,7.1,7.63,0.53,117,73,418,10.09,0.354,0.75,3.24,44
Florentino Luís,Burnley,5.34,5.87,0.53,320,258,418,8.95,0.315,-0.08,2.35,62
Jesper Lindstrøm,VfL Wolfsburg,5.04,5.55,0.51,374,304,418,2.45,0.347,0.01,0.8,70
Tim Iroegbunam,Everton,5.05,5.53,0.49,354,297,418,5.09,0.345,-0.5,1.11,57
Marcus Tavernier,Bournemouth,7.3,7.78,0.48,100,60,418,9.94,0.369,0.52,2.94,40
Raphaël Guerreiro,FC Bayern München,5.5,5.97,0.47,301,246,418,8.48,0.326,-0.18,1.72,55
Joe Willock,Newcastle United,5.61,6.08,0.47,291,233,418,4.57,0.355,0.11,1.14,58
Iñigo Ruiz de Galarreta,Athletic Club,8.19,8.64,0.45,34,15,418,12.28,0.411,0.59,3.53,19
Maxence Caqueret,Como,7.34,7.79,0.45,97,59,418,9.7,0.37,0.6,3.27,38
Sergi Roberto,Como,4.55,5.0,0.44,412,360,418,5.96,0.299,-0.33,1.05,52
Mathias Jensen,Brentford,7.81,8.23,0.43,58,32,418,10.07,0.401,0.3,2.94,26
Carlos Soler,Real Sociedad,7.42,7.85,0.43,90,54,418,11.09,0.366,0.43,3.06,36
Carlos Baleba,Brighton & Hove Albion,4.6,5.02,0.42,406,357,418,6.2,0.292,0.06,1.03,49
Adam Wharton,Crystal Palace,8.45,8.86,0.41,23,6,418,12.06,0.419,1.48,4.38,17
Sandi Lovrić,Hellas Verona,6.1,6.49,0.39,229,179,418,5.45,0.37,0.24,1.14,50
Cole Palmer,Chelsea,6.98,7.36,0.39,128,95,418,9.29,0.369,0.15,2.5,33
Elvis Rexhbeçaj,FC Augsburg,5.32,5.71,0.39,325,278,418,4.23,0.346,-0.12,1.6,47
Ross Barkley,Aston Villa,6.19,6.58,0.39,220,173,418,5.96,0.368,0.08,1.67,47
Lucas Torró,Osasuna,5.67,6.06,0.38,281,236,418,7.68,0.345,-0.37,1.94,45
Ryan Yates,Nottingham Forest,4.76,5.12,0.37,404,356,418,3.06,0.317,-0.18,1.1,48
Gianluca Gaetano,Cagliari,6.5,6.86,0.36,184,142,418,8.58,0.34,0.46,2.64,42
Mario Martín,Getafe,4.58,4.94,0.36,409,367,418,3.76,0.322,-0.42,0.94,42
Niklas Dorsch,1. FC Heidenheim,6.72,7.08,0.36,158,119,418,9.38,0.354,0.18,2.75,39
Jackson Irvine,FC St. Pauli,6.66,7.02,0.36,165,124,418,7.34,0.359,0.5,2.67,41
Federico Redondo,Elche,5.02,5.37,0.35,376,328,418,3.82,0.321,-0.43,0.9,48
Lennon Miller,Udinese,5.41,5.75,0.34,315,273,418,4.15,0.346,-0.02,1.46,42
Fer López,Celta Vigo,6.82,7.16,0.34,146,112,418,8.36,0.364,0.26,2.28,34
Ander Guevara,Deportivo Alavés,5.27,5.61,0.34,328,288,418,5.09,0.344,-0.34,1.32,40
Andrej Kramarić,TSG Hoffenheim,5.86,6.19,0.33,259,220,418,8.03,0.33,0.12,1.91,39
João Palhinha,Tottenham Hotspur,5.16,5.48,0.33,341,303,418,8.06,0.313,-0.24,1.94,38
Christian Eriksen,VfL Wolfsburg,7.56,7.89,0.33,79,51,418,10.9,0.374,0.38,3.03,28
Mattias Svanberg,VfL Wolfsburg,5.23,5.55,0.32,342,301,418,2.81,0.365,-0.47,0.92,41
Mikel Jauregizar,Athletic Club,7.96,8.28,0.32,45,30,418,11.54,0.396,0.12,3.67,15
Sean Longstaff,Leeds United,5.42,5.72,0.31,311,275,418,5.83,0.343,-0.39,1.36,36
Nicolas Höfler,SC Freiburg,4.79,5.11,0.31,408,365,418,2.57,0.305,-0.57,0.58,43
Lucas Bergvall,Tottenham Hotspur,4.9,5.21,0.31,381,342,418,3.4,0.326,-0.18,1.09,39
Emirhan İlkhan,Torino,5.82,6.12,0.31,264,228,418,7.36,0.36,-0.67,1.53,36
Can Uzun,Eintracht Frankfurt,7.27,7.58,0.31,103,77,418,8.54,0.388,0.23,2.81,26
Ylber Ramadani,Lecce,7.79,8.09,0.3,59,38,418,11.8,0.394,-0.05,3.16,21
Mateo Kovačić,Manchester City,6.9,7.2,0.3,114,82,418,8.83,0.398,0.7,2.33,32
Mahmoud Dahoud,Eintracht Frankfurt,5.46,5.74,0.29,309,274,418,6.79,0.347,-0.79,1.4,35
Casemiro,Manchester United,8.28,8.57,0.29,30,18,418,14.25,0.376,0.69,4.97,12
Fran Beltrán,Girona FC,6.76,7.05,0.29,153,121,418,12.41,0.35,-0.37,2.48,32
Luka Sučić,Real Sociedad,5.84,6.11,0.28,262,229,418,5.79,0.36,-0.32,1.36,33
Henrikh Mkhitaryan,Inter,7.87,8.14,0.27,53,36,418,11.31,0.388,0.33,3.7,17
Grady Diangana,Elche,4.7,4.96,0.26,407,374,418,3.8,0.316,-0.7,0.9,33
Aster Vranckx,Sassuolo,4.68,4.93,0.26,413,380,418,3.59,0.28,0.02,0.88,33
Morten Thorsby,Cremonese,5.53,5.78,0.25,300,269,418,4.6,0.359,-0.47,1.58,31
Ebenezer Akinsanmiro,Pisa,6.33,6.57,0.24,204,176,418,6.43,0.357,0.21,2.04,28
Moi Gómez,Osasuna,7.71,7.95,0.24,66,46,418,11.68,0.398,-0.31,2.65,20
Jobe Bellingham,Borussia Dortmund,7.23,7.47,0.24,106,86,418,10.56,0.367,0.02,2.81,20
Ilaix Moriba,Celta Vigo,6.37,6.6,0.23,199,172,418,8.5,0.339,0.21,2.33,27
Aljoscha Kemlein,1. FC Union Berlin,6.61,6.83,0.22,171,145,418,8.39,0.35,0.17,2.27,26
Cesare Casadei,Torino,4.94,5.17,0.22,366,340,418,5.73,0.337,-0.82,1.27,26
Ivan Ilić,Torino,5.57,5.79,0.22,302,271,418,5.91,0.305,0.34,1.62,31
Oier Zarraga,Udinese,4.98,5.2,0.22,379,350,418,2.46,0.364,-1.22,0.67,29
Batista Mendy,Sevilla,5.02,5.23,0.21,357,332,418,6.82,0.316,-0.4,1.62,25
Lesley Ugochukwu,Burnley,5.42,5.64,0.21,310,285,418,6.46,0.338,-0.41,1.79,25
Kristijan Jakić,FC Augsburg,6.41,6.62,0.21,194,170,418,7.97,0.361,-0.25,2.42,24
Eberechi Eze,Arsenal,6.69,6.9,0.21,162,137,418,6.31,0.381,-0.03,1.88,25
Ismael Koné,Sassuolo,6.59,6.81,0.21,173,148,418,10.4,0.351,-0.32,2.29,25
Ruben Loftus-Cheek,AC Milan,5.12,5.33,0.21,347,322,418,4.36,0.343,-0.52,0.96,25
Pedro Díaz,Rayo Vallecano,5.06,5.26,0.2,353,329,418,6.2,0.323,-0.41,1.24,24
Filip Ugrinić,Valencia,5.2,5.4,0.2,336,313,418,6.59,0.328,-0.5,1.56,23
Patrice Čović,SV Werder Bremen,5.05,5.25,0.2,368,341,418,3.69,0.342,-0.92,0.67,27
Unai Vencedor,Levante UD,7.19,7.38,0.19,107,91,418,8.18,0.384,0.33,2.69,16
Fermín López,FC Barcelona,6.85,7.03,0.18,143,123,418,9.16,0.356,0.12,2.57,20
Jefferson Lerma,Crystal Palace,6.38,6.56,0.18,198,177,418,7.74,0.346,0.16,2.68,21
Giovani Lo Celso,Real Betis,7.26,7.44,0.18,104,89,418,11.27,0.362,0.04,2.92,15
Tom Cairney,Fulham,6.34,6.51,0.17,203,183,418,8.8,0.337,0.1,2.25,20
Chema Andrés,VfB Stuttgart,7.4,7.57,0.17,92,78,418,9.51,0.39,-0.13,2.8,14
Jesper Karlström,Udinese,6.78,6.94,0.16,151,132,418,10.48,0.345,0.04,3.0,19
Xaver Schlager,RB Leipzig,7.51,7.66,0.16,83,70,418,13.15,0.375,-0.41,2.85,13
Isak Vural,Pisa,4.72,4.88,0.16,411,390,418,3.48,0.309,-1.09,0.6,21
Roméo Lavia,Chelsea,6.03,6.19,0.16,239,219,418,8.09,0.34,-0.21,1.64,20
Mathias Rasmussen,FC St. Pauli,5.74,5.89,0.15,275,256,418,6.0,0.326,0.13,1.77,19
Pablo Torre,Mallorca,6.81,6.96,0.15,148,130,418,7.1,0.379,-0.07,2.2,18
Arijon Ibrahimović,1. FC Heidenheim,6.73,6.87,0.14,157,141,418,6.62,0.379,-0.1,2.31,16
Hans Nicolussi Caviglia,Parma,6.64,6.78,0.14,167,151,418,8.55,0.352,0.04,2.42,16
Pablo Marín,Real Sociedad,4.6,4.73,0.13,414,398,418,2.75,0.306,-0.46,0.52,16
Joel Chima Fujita,FC St. Pauli,7.32,7.45,0.13,99,88,418,9.81,0.354,0.52,3.34,11
Ilia Gruev,Leeds United,5.1,5.23,0.13,348,333,418,6.69,0.302,-0.05,2.26,15
Nadiem Amiri,1. FSV Mainz 05,8.67,8.79,0.12,14,9,418,13.58,0.409,1.19,5.38,5
Oliver Sørensen,Parma,4.61,4.73,0.12,405,391,418,4.21,0.316,-0.8,1.0,14
Charles Pickel,Espanyol,4.66,4.78,0.12,416,401,418,2.67,0.311,-1.24,0.52,15
Tommaso Baldanzi,Genoa,5.95,6.06,0.11,248,235,418,5.84,0.349,-0.1,1.94,13
Antonio Sánchez,Mallorca,4.77,4.87,0.11,394,381,418,3.26,0.335,-1.07,0.97,13
Rayan Cherki,Manchester City,7.89,8.0,0.11,51,42,418,12.35,0.37,0.33,3.75,9
Sergi Darder,Mallorca,7.5,7.6,0.11,84,75,418,9.76,0.39,-0.22,2.32,9
Cheikh Niasse,Hellas Verona,4.79,4.89,0.11,391,378,418,4.97,0.318,-1.03,0.79,13
Tomáš Souček,West Ham United,4.53,4.63,0.1,415,403,418,5.97,0.294,-1.0,1.18,12
Saša Lukić,Fulham,5.25,5.35,0.1,330,318,418,7.31,0.321,-0.48,1.38,12
Jürgen Ekkelenkamp,Udinese,5.03,5.11,0.08,356,347,418,5.16,0.321,-0.38,1.35,9
Patrick Osterhage,SC Freiburg,4.79,4.87,0.08,384,375,418,6.37,0.306,-0.86,1.42,9
Jon Guridi,Deportivo Alavés,4.81,4.89,0.08,383,373,418,4.19,0.321,-0.67,1.14,10
Miguel Román,Celta Vigo,7.85,7.93,0.07,54,48,418,12.88,0.382,-0.05,3.53,6
Gabriele Piccinini,Pisa,4.67,4.73,0.07,417,408,418,2.16,0.301,-1.21,0.68,9
Lucas Cepeda,Elche,5.97,6.04,0.07,247,237,418,4.89,0.367,-0.37,1.2,10
Kevin Stöger,Borussia M'gladbach,6.63,6.7,0.07,169,161,418,8.12,0.352,0.0,2.54,8
Nikola Moro,Bologna,8.43,8.5,0.07,24,21,418,15.2,0.408,-0.49,3.67,3
Pablo Fornals,Real Betis,8.4,8.47,0.07,25,22,418,15.63,0.378,0.07,4.86,3
Leander Dendoncker,Real Oviedo,4.85,4.91,0.06,377,370,418,7.67,0.291,-0.6,1.56,7
Azzedine Ounahi,Girona FC,7.93,7.99,0.06,48,43,418,12.52,0.385,-0.07,3.42,5
Martín Payero,Cremonese,5.53,5.59,0.06,298,291,418,4.9,0.355,-0.64,1.32,7
Mateus Fernandes,West Ham United,7.09,7.14,0.05,118,114,418,12.55,0.346,-0.23,2.61,4
Felipe Loyola,Pisa,4.88,4.93,0.05,389,382,418,4.86,0.292,-0.89,1.0,7
Pedri,FC Barcelona,8.88,8.93,0.05,5,3,418,25.79,0.401,-0.24,5.86,2
Urko González,Espanyol,6.49,6.53,0.04,185,180,418,7.63,0.352,0.01,2.28,5
Baptiste Santamaria,Valencia,6.23,6.27,0.04,215,210,418,6.6,0.358,-0.24,2.28,5
Dani Olmo,FC Barcelona,7.15,7.18,0.04,113,110,418,10.84,0.359,-0.19,2.73,3
Sergi Altimira,Real Betis,5.47,5.52,0.04,304,299,418,9.43,0.325,-0.88,1.75,5
Johnny Cardoso,Atlético Madrid,6.3,6.35,0.04,207,202,418,10.13,0.345,-0.56,1.87,5
Angel Gomes,Wolverhampton,5.64,5.67,0.03,290,286,418,4.18,0.328,0.13,1.5,4
Lennart Karl,FC Bayern München,6.32,6.35,0.03,205,201,418,9.2,0.341,-0.26,1.85,4
Ugo Raghouber,Levante UD,4.65,4.67,0.02,410,407,418,4.91,0.282,-1.14,1.0,3
Ao Tanaka,Leeds United,4.78,4.8,0.02,385,383,418,6.39,0.314,-1.04,1.18,2
Bruno Guimarães,Newcastle United,8.74,8.76,0.02,11,10,418,16.79,0.399,0.58,5.83,1
Nikolas Nartey,VfB Stuttgart,5.36,5.38,0.02,317,315,418,5.19,0.341,-0.56,1.39,2
Oriol Rey,Levante UD,6.15,6.17,0.02,225,223,418,8.71,0.345,-0.49,1.95,2
Malthe Højholt,Pisa,4.79,4.81,0.02,396,394,418,4.04,0.283,-0.46,1.12,2
Dani Parejo,Villarreal,6.51,6.52,0.02,183,181,418,8.62,0.355,-0.33,2.25,2
Luka Modrić,AC Milan,8.93,8.95,0.02,3,2,418,23.73,0.414,0.21,7.56,1
Bruno Fernandes,Manchester United,8.86,8.88,0.02,6,5,418,19.03,0.413,0.62,6.0,1
Alexis Mac Allister,Liverpool FC,7.59,7.61,0.02,76,74,418,12.23,0.377,-0.4,2.84,2
Martim Neto,Elche,6.47,6.48,0.01,187,186,418,7.39,0.355,-0.08,2.36,1
Christoph Baumgartner,RB Leipzig,6.39,6.4,0.01,197,196,418,8.06,0.33,0.32,2.48,1
Cameron Puertas,SV Werder Bremen,5.88,5.89,0.01,256,255,418,8.61,0.325,-0.24,2.14,1
Gerard Gumbau,Rayo Vallecano,5.06,5.07,0.01,352,351,418,5.08,0.34,-1.01,1.07,1
Vinícius Souza,VfL Wolfsburg,6.88,6.88,0.0,139,139,418,8.85,0.357,-0.01,2.79,0
Nicolò Fagioli,Fiorentina,8.21,8.21,0.0,33,33,418,16.27,0.369,-0.21,4.09,0
Fisayo Dele-Bashiru,Lazio,4.5,4.5,0.0,418,418,418,4.69,0.261,-2.15,0.48,0
Máximo Perrone,Como,8.35,8.35,-0.0,27,27,418,19.35,0.357,-0.26,4.28,0
Manuel Locatelli,Juventus,8.98,8.98,-0.0,1,1,418,29.11,0.435,0.52,10.47,0
Soungoutou Magassa,West Ham United,4.79,4.79,-0.01,388,389,418,4.76,0.322,-1.19,1.05,-1
Morgan Gibbs-White,Nottingham Forest,7.48,7.46,-0.02,85,87,418,9.95,0.376,-0.1,2.89,-2
Nicolò Barella,Inter,8.57,8.54,-0.02,18,19,418,16.82,0.375,0.1,5.03,-1
Felix Nmecha,Borussia Dortmund,7.36,7.34,-0.02,95,97,418,11.64,0.369,-0.4,2.93,-2
Pol Lozano,Espanyol,7.29,7.27,-0.02,101,103,418,9.26,0.371,-0.06,2.82,-2
Michel Adopo,Cagliari,5.31,5.29,-0.03,323,326,418,7.42,0.317,-0.41,1.84,-3
Ryan Christie,Bournemouth,6.05,6.02,-0.03,237,240,418,6.06,0.371,-0.77,1.38,-3
Pablo Martínez,Levante UD,6.41,6.37,-0.03,195,199,418,7.18,0.358,-0.25,2.11,-4
Billy Gilmour,SSC Napoli,7.94,7.9,-0.04,47,50,418,15.99,0.363,-0.16,4.38,-3
Medon Berisha,Lecce,6.72,6.68,-0.04,154,159,418,8.16,0.368,-0.32,1.54,-5
Youri Tielemans,Aston Villa,7.91,7.88,-0.04,49,52,418,13.06,0.374,-0.04,3.46,-3
Gvidas Gineitis,Torino,5.88,5.82,-0.05,257,263,418,5.37,0.351,-0.33,2.07,-6
Joshua Kimmich,FC Bayern München,8.95,8.9,-0.05,2,4,418,32.12,0.384,-1.01,6.34,-2
Christian Ordoñez,Parma,4.75,4.69,-0.05,403,410,418,2.51,0.312,-1.56,0.44,-7
Brais Méndez,Real Sociedad,6.43,6.38,-0.05,192,198,418,8.35,0.354,-0.39,2.1,-6
Alberto Reina,Real Oviedo,5.56,5.51,-0.05,294,300,418,7.56,0.329,-0.55,2.03,-6
Denis Suárez,Deportivo Alavés,5.98,5.92,-0.06,245,252,418,7.79,0.344,-0.51,1.87,-7
Djibril Sow,Sevilla,5.52,5.45,-0.07,299,307,418,8.19,0.323,-0.59,1.79,-8
Arda Güler,Real Madrid,7.76,7.69,-0.07,62,68,418,13.78,0.379,-0.65,3.09,-6
Pape Matar Sarr,Tottenham Hotspur,4.76,4.7,-0.07,387,395,418,6.51,0.312,-1.29,1.24,-8
Kevin De Bruyne,SSC Napoli,7.75,7.67,-0.07,63,69,418,12.67,0.381,-0.34,3.06,-6
Alexsandro Amorim,Genoa,5.28,5.2,-0.08,334,344,418,7.16,0.307,-0.88,1.7,-10
Alessandro Deiola,Cagliari,4.64,4.56,-0.08,402,411,418,6.58,0.275,-1.05,1.75,-9
Moatasem Al-Musrati,Hellas Verona,6.7,6.63,-0.08,160,169,418,8.54,0.372,-0.63,2.0,-9
Patrizio Masini,Genoa,5.46,5.36,-0.09,306,317,418,5.11,0.342,-0.58,1.64,-11
Youssef Maleh,Cremonese,5.89,5.8,-0.09,255,266,418,6.58,0.334,-0.22,2.13,-11
Neil El Aynaoui,AS Roma,5.63,5.54,-0.09,286,296,418,6.75,0.33,-0.46,2.4,-10
Javier Guerra,Valencia,6.67,6.58,-0.09,164,174,418,7.67,0.353,0.02,2.42,-10
Obed Vargas,Atlético Madrid,5.56,5.48,-0.09,297,308,418,6.96,0.324,-0.68,1.83,-11
Simon Sohm,Fiorentina,4.95,4.85,-0.1,365,377,418,5.55,0.309,-0.66,1.22,-12
Angelo Stiller,VfB Stuttgart,8.83,8.74,-0.1,7,11,418,22.24,0.38,-0.25,6.26,-4
Wouter Burger,TSG Hoffenheim,8.16,8.07,-0.1,35,39,418,13.14,0.381,0.03,4.4,-4
Aleix García,Bayer 04 Leverkusen,8.9,8.81,-0.1,4,8,418,29.86,0.353,-0.71,7.09,-4
Sulemana,Cagliari,4.68,4.58,-0.1,400,412,418,5.52,0.305,-1.99,1.21,-12
Myles Lewis-Skelly,Arsenal,5.02,4.92,-0.11,359,372,418,5.66,0.312,-0.89,1.42,-13
Piotr Zieliński,Inter,8.02,7.91,-0.11,41,49,418,15.01,0.373,-0.43,4.09,-8
Sofyan Amrabat,Real Betis,7.08,6.95,-0.12,119,131,418,15.94,0.335,-0.66,3.29,-12
Kwasi Sibo,Real Oviedo,4.9,4.78,-0.12,371,385,418,6.78,0.302,-0.8,1.77,-14
Nicolas Fonseca,Real Oviedo,6.58,6.46,-0.13,174,189,418,8.72,0.346,-0.18,2.74,-15
Kaishu Sano,1. FSV Mainz 05,7.88,7.75,-0.13,52,63,418,11.39,0.381,-0.14,3.79,-11
Nicolas Seiwald,RB Leipzig,7.38,7.24,-0.13,94,105,418,13.44,0.349,-0.36,2.97,-11
Aimar Oroz,Osasuna,6.79,6.66,-0.13,150,165,418,7.66,0.365,-0.25,2.42,-15
Nico Paz,Como,7.45,7.32,-0.13,88,99,418,11.84,0.365,-0.38,2.83,-11
Serge Gnabry,FC Bayern München,6.47,6.33,-0.14,188,204,418,9.21,0.338,-0.23,2.48,-16
Rodri,Manchester City,8.81,8.67,-0.14,8,14,418,25.54,0.37,-0.66,5.5,-6
Hugo Bolin,Borussia M'gladbach,5.04,4.9,-0.14,373,392,418,2.71,0.32,-1.71,1.0,-19
Matteo Prati,Cagliari,6.13,5.99,-0.14,227,244,418,6.86,0.343,-0.24,2.21,-17
Isi Palazón,Rayo Vallecano,6.45,6.31,-0.14,190,206,418,7.78,0.352,-0.3,2.32,-16
Manuel Ugarte,Manchester United,4.94,4.79,-0.15,367,384,418,6.11,0.319,-1.28,1.23,-17
Beñat Turrientes,Real Sociedad,5.64,5.49,-0.15,285,302,418,7.34,0.334,-0.72,1.67,-17
Jhon Solís,Girona FC,4.97,4.82,-0.15,380,400,418,3.44,0.291,-1.28,0.25,-20
Matías Vecino,Lazio,5.39,5.24,-0.15,314,331,418,7.41,0.329,-1.0,1.89,-17
Ibrahim Sangaré,Nottingham Forest,6.88,6.73,-0.15,140,157,418,10.51,0.346,-0.29,2.78,-17
Enzo Le Fée,Sunderland,6.53,6.39,-0.15,180,197,418,8.32,0.334,0.15,2.64,-17
Manu Koné,AS Roma,8.14,7.97,-0.16,36,44,418,15.72,0.371,-0.44,4.55,-8
Antoine Bernede,Hellas Verona,7.0,6.84,-0.16,125,144,418,7.73,0.366,-0.11,2.91,-19
Samuele Ricci,AC Milan,5.85,5.69,-0.16,260,279,418,6.76,0.363,-1.14,1.42,-19
Yasin Ayari,Brighton & Hove Albion,5.09,4.93,-0.16,349,368,418,8.12,0.291,-0.44,2.0,-19
Rocco Reitz,Borussia M'gladbach,7.67,7.51,-0.17,69,83,418,11.09,0.363,0.06,4.16,-14
Andrey Santos,Chelsea,5.78,5.6,-0.18,268,289,418,8.58,0.329,-0.69,2.07,-21
Bryan Cristante,AS Roma,8.71,8.52,-0.19,12,20,418,18.13,0.389,-0.64,5.51,-8
Pepelu,Valencia,7.69,7.5,-0.19,68,84,418,13.59,0.356,-0.28,3.71,-16
Aleksandar Pavlović,FC Bayern München,8.38,8.19,-0.19,26,34,418,22.81,0.367,-1.33,4.08,-8
Kervin Arriaga,Levante UD,5.17,4.98,-0.19,340,362,418,6.98,0.32,-1.02,1.59,-22
Oscar Højlund,Eintracht Frankfurt,4.71,4.51,-0.2,393,417,418,6.26,0.3,-2.18,1.0,-24
Alberto Grassi,Cremonese,6.14,5.94,-0.2,226,249,418,8.31,0.326,-0.14,2.57,-23
Alex Scott,Bournemouth,6.1,5.9,-0.2,231,254,418,10.11,0.32,-0.38,2.11,-23
Marco Brescianini,Fiorentina,4.76,4.56,-0.2,392,416,418,4.16,0.318,-2.51,1.12,-24
Warren Bondo,Cremonese,4.87,4.66,-0.21,375,399,418,7.33,0.289,-0.79,1.81,-24
Guido Rodríguez,Valencia,6.87,6.65,-0.21,141,166,418,10.47,0.343,-0.26,2.82,-25
Florian Kainz,1. FC Köln,6.07,5.86,-0.21,233,261,418,4.07,0.387,-1.0,1.29,-28
Ruslan Malinovskyi,Genoa,7.12,6.91,-0.22,115,136,418,10.56,0.363,-0.52,2.56,-21
Senne Lynen,SV Werder Bremen,8.23,8.02,-0.22,32,41,418,16.1,0.358,0.02,4.87,-9
Aurélien Tchouaméni,Real Madrid,8.59,8.38,-0.22,17,26,418,19.82,0.378,-0.86,4.55,-9
Petar Sučić,Inter,7.18,6.97,-0.22,110,129,418,10.54,0.353,-0.16,2.94,-19
Hugo Sotelo,Celta Vigo,8.52,8.31,-0.22,20,29,418,17.43,0.389,-0.65,4.4,-9
Kiernan Dewsbury-Hall,Everton,6.97,6.74,-0.23,129,156,418,9.87,0.362,-0.6,2.71,-27
Habib Diarra,Sunderland,5.16,4.92,-0.23,343,371,418,5.52,0.322,-1.08,1.4,-28
Yves Bissouma,Tottenham Hotspur,4.87,4.62,-0.25,382,413,418,7.33,0.29,-2.41,1.55,-31
Harrison Armstrong,Everton,5.54,5.28,-0.26,303,337,418,5.01,0.332,-1.06,1.45,-34
Josh Cullen,Burnley,6.77,6.52,-0.26,152,182,418,12.58,0.319,-0.16,2.67,-30
Moisés Caicedo,Chelsea,7.99,7.71,-0.27,43,66,418,18.81,0.336,-0.46,3.94,-23
Luca Mazzitelli,Cagliari,5.32,5.04,-0.27,327,361,418,5.2,0.334,-1.3,1.5,-34
Abdou Harroui,Hellas Verona,4.95,4.69,-0.27,372,405,418,4.09,0.323,-1.93,0.86,-33
Rodrigo Bentancur,Tottenham Hotspur,4.92,4.64,-0.28,369,402,418,9.42,0.282,-1.22,2.23,-33
Conor Gallagher,Tottenham Hotspur,4.98,4.69,-0.29,362,396,418,6.74,0.309,-1.12,1.69,-34
Granit Xhaka,Sunderland,8.55,8.26,-0.29,19,31,418,16.48,0.38,-0.52,5.03,-12
Antonio Blanco,Deportivo Alavés,7.28,6.99,-0.29,102,127,418,14.5,0.348,-0.8,3.22,-25
Kristjan Asllani,Torino,7.83,7.54,-0.29,56,80,418,12.58,0.379,-0.42,3.4,-24
Yangel Herrera,Real Sociedad,5.08,4.79,-0.29,360,397,418,4.88,0.313,-1.63,1.36,-37
Tijjani Reijnders,Manchester City,6.01,5.71,-0.3,241,276,418,8.34,0.341,-0.85,2.11,-35
Maximilian Arnold,VfL Wolfsburg,7.61,7.3,-0.31,74,100,418,12.48,0.36,-0.35,3.68,-26
Frenkie de Jong,FC Barcelona,8.47,8.16,-0.31,22,35,418,21.44,0.381,-1.47,3.92,-13
Grischa Prömel,TSG Hoffenheim,6.18,5.86,-0.32,221,259,418,7.64,0.334,-0.34,2.24,-38
Adrien Rabiot,AC Milan,7.73,7.4,-0.33,64,92,418,14.03,0.359,-0.52,3.72,-28
Damián Rodríguez,Celta Vigo,6.51,6.18,-0.33,156,212,418,19.05,0.366,-2.62,1.5,-56
Linton Maina,1. FC Köln,5.79,5.45,-0.34,269,311,418,4.14,0.366,-1.02,1.52,-42
Pablo Barrios,Atlético Madrid,7.46,7.12,-0.34,87,115,418,14.64,0.358,-0.92,2.96,-28
Iván Martín,Girona FC,6.56,6.22,-0.34,177,217,418,11.65,0.325,-0.46,2.63,-40
Yehor Yarmoliuk,Brentford,5.4,5.05,-0.35,313,354,418,9.28,0.303,-0.71,2.03,-41
Elliot Anderson,Nottingham Forest,8.76,8.4,-0.36,10,25,418,19.53,0.365,-0.48,6.35,-15
Leonardo Bittencourt,SV Werder Bremen,5.38,5.02,-0.36,316,358,418,7.34,0.318,-1.15,1.62,-42
Leon Avdullahu,TSG Hoffenheim,8.78,8.43,-0.36,9,24,418,20.03,0.364,-0.43,6.91,-15
Sandro Tonali,Newcastle United,7.65,7.29,-0.36,71,101,418,13.63,0.357,-0.55,3.64,-30
Pascal Groß,Brighton & Hove Albion,7.78,7.42,-0.36,60,90,418,15.16,0.345,-0.35,4.17,-30
Phil Foden,Manchester City,6.31,5.93,-0.38,206,251,418,10.82,0.327,-0.65,1.88,-45
Nicolai Remberg,Hamburger SV,4.96,4.58,-0.38,364,409,418,10.24,0.278,-1.4,2.19,-45
Boubacar Kamara,Aston Villa,7.53,7.15,-0.38,81,113,418,12.94,0.348,-0.24,3.71,-32
Iker Muñoz,Osasuna,6.21,5.83,-0.38,218,262,418,6.98,0.351,-0.76,1.89,-44
Patric,Lazio,5.7,5.31,-0.39,277,323,418,11.03,0.301,-0.79,2.71,-46
Daichi Kamada,Crystal Palace,6.84,6.44,-0.4,144,191,418,8.83,0.347,-0.24,2.89,-47
Cher Ndour,Fiorentina,5.24,4.83,-0.41,331,379,418,5.92,0.317,-0.91,1.45,-48
Pablo Gavi,FC Barcelona,6.36,5.95,-0.41,200,248,418,11.96,0.349,-1.55,1.91,-48
Nico González,Manchester City,7.52,7.11,-0.41,82,116,418,16.8,0.355,-1.26,3.04,-34
Adrián Bernabé,Parma,7.63,7.22,-0.41,73,107,418,12.13,0.375,-0.85,2.94,-34
Vitaly Janelt,Brentford,6.35,5.94,-0.41,202,250,418,9.22,0.328,-0.37,2.88,-48
Koke,Atlético Madrid,8.11,7.7,-0.42,37,67,418,17.86,0.347,-0.6,4.38,-30
Marcel Sabitzer,Borussia Dortmund,7.21,6.79,-0.42,108,150,418,9.94,0.377,-0.92,2.6,-42
Mario Pašalić,Atalanta,8.07,7.65,-0.42,39,71,418,14.03,0.376,-0.69,4.06,-32
Thomas Lemar,Girona FC,6.0,5.57,-0.43,243,293,418,7.36,0.343,-0.87,2.0,-50
Frank Anguissa,SSC Napoli,6.68,6.23,-0.44,163,215,418,11.16,0.326,-0.39,3.06,-52
Marc Roca,Real Betis,6.24,5.79,-0.45,214,267,418,10.39,0.322,-0.63,2.24,-53
Mario Götze,Eintracht Frankfurt,4.99,4.53,-0.45,361,414,418,5.64,0.292,-1.62,1.76,-53
Dani Ceballos,Real Madrid,6.94,6.46,-0.47,133,188,418,9.64,0.373,-1.07,1.94,-55
Pablo Ibáñez,Deportivo Alavés,5.08,4.6,-0.48,350,406,418,7.57,0.324,-2.1,1.22,-56
Nemanja Matić,Sassuolo,7.82,7.33,-0.49,57,98,418,14.73,0.34,-0.28,4.47,-41
Ryan Gravenberch,Liverpool FC,7.77,7.28,-0.49,61,102,418,15.97,0.35,-0.85,3.78,-41
Emile Smith Rowe,Fulham,5.21,4.71,-0.5,335,393,418,7.13,0.307,-1.06,1.69,-58
André,Wolverhampton,6.55,6.04,-0.51,178,238,418,10.83,0.319,-0.35,2.89,-60
Mandela Keita,Parma,5.92,5.41,-0.51,252,312,418,9.31,0.325,-0.89,2.3,-60
Declan Rice,Arsenal,8.33,7.81,-0.52,28,58,418,18.3,0.359,-0.93,4.33,-30
Óscar Valentín,Rayo Vallecano,5.91,5.39,-0.52,253,314,418,8.26,0.338,-1.06,2.16,-61
Franco Mastantuono,Real Madrid,5.3,4.77,-0.53,324,386,418,6.25,0.325,-1.44,1.13,-62
Hugo Larsson,Eintracht Frankfurt,6.94,6.4,-0.54,132,195,418,12.02,0.33,-0.48,3.17,-63
Dominik Szoboszlai,Liverpool FC,8.31,7.77,-0.54,29,61,418,18.83,0.353,-0.91,4.42,-32
Jari Vandeputte,Cremonese,7.03,6.47,-0.55,123,187,418,7.93,0.361,-0.38,2.81,-64
Albert Sambi Lokonga,Hamburger SV,6.4,5.85,-0.55,196,260,418,8.27,0.323,-0.2,2.77,-64
Atakan Karazor,VfB Stuttgart,6.65,6.1,-0.56,166,231,418,11.18,0.339,-0.91,2.36,-65
Aleix Febas,Elche,8.09,7.53,-0.56,38,81,418,16.88,0.352,-0.76,4.19,-43
Unai López,Rayo Vallecano,6.58,6.01,-0.56,175,241,418,10.83,0.335,-0.81,2.25,-66
Jon Moncayola,Osasuna,7.64,7.07,-0.57,72,120,418,11.09,0.36,-0.35,4.0,-48
Roberto Gagliardini,Hellas Verona,7.47,6.89,-0.58,86,138,418,11.43,0.351,-0.4,3.83,-52
Lucien Agoumé,Sevilla,7.16,6.58,-0.58,112,175,418,10.78,0.351,-0.6,3.18,-63
Marius Marin,Pisa,5.8,5.23,-0.58,266,335,418,5.11,0.348,-1.05,1.83,-69
Tommaso Pobega,Bologna,5.76,5.18,-0.58,270,338,418,5.14,0.351,-1.15,1.77,-68
Yannick Engelhardt,Borussia M'gladbach,5.35,4.76,-0.59,318,387,418,10.62,0.291,-1.12,2.29,-69
Denis Huseinbašić,1. FC Köln,5.73,5.12,-0.61,274,345,418,8.29,0.323,-1.24,1.87,-71
Morten Frendrup,Genoa,5.13,4.53,-0.61,344,415,418,8.8,0.285,-1.83,2.03,-71
Robin Fellhauer,FC Augsburg,5.66,5.04,-0.62,282,355,418,6.42,0.316,-0.58,2.35,-73
Noah Sadiki,Sunderland,5.41,4.76,-0.65,312,388,418,8.6,0.309,-1.26,2.03,-76
Lucas Da Cunha,Como,7.84,7.2,-0.65,55,109,418,16.67,0.34,-0.83,3.92,-54
Exequiel Palacios,Bayer 04 Leverkusen,8.69,8.04,-0.65,13,40,418,23.02,0.371,-1.42,5.41,-27
Pathé Ismaël Ciss,Rayo Vallecano,7.39,6.72,-0.67,93,158,418,12.02,0.331,-0.2,4.31,-65
Marten de Roon,Atalanta,8.64,7.96,-0.68,15,45,418,18.19,0.377,-1.13,5.15,-30
Marc Bernal,FC Barcelona,5.76,5.06,-0.69,271,352,418,8.51,0.331,-1.5,1.9,-81
Tom Krauß,1. FC Köln,6.86,6.16,-0.7,142,224,418,9.56,0.337,-0.47,3.0,-82
Archie Gray,Tottenham Hotspur,5.32,4.62,-0.7,322,404,418,5.9,0.318,-1.91,1.46,-82
Leon Goretzka,FC Bayern München,7.95,7.21,-0.74,46,108,418,17.61,0.36,-1.52,3.53,-62
Remo Freuler,Bologna,7.17,6.43,-0.74,111,192,418,13.85,0.344,-1.18,2.86,-81
João Gomes,Wolverhampton,6.09,5.35,-0.74,232,319,418,10.93,0.31,-0.82,2.26,-87
Sander Berge,Fulham,7.58,6.82,-0.75,77,146,418,14.66,0.334,-0.69,4.17,-69
Yunus Musah,Atalanta,5.87,5.12,-0.75,258,349,418,6.18,0.361,-1.94,1.68,-91
Ellyes Skhiri,Eintracht Frankfurt,5.71,4.96,-0.75,276,364,418,9.6,0.303,-1.03,2.6,-88
Martín Zubimendi,Arsenal,7.44,6.69,-0.75,89,162,418,15.08,0.342,-1.16,2.97,-73
Danilo Cataldi,Lazio,7.05,6.29,-0.76,121,208,418,11.64,0.34,-0.8,3.22,-87
Enzo Fernández,Chelsea,8.5,7.72,-0.78,21,65,418,17.16,0.36,-0.8,4.92,-44
Rolando Mandragora,Fiorentina,6.2,5.42,-0.78,219,310,418,8.0,0.333,-0.85,2.09,-91
Lewis Ferguson,Bologna,5.75,4.97,-0.78,272,363,418,10.49,0.316,-1.53,1.89,-91
Hakan Çalhanoğlu,Inter,8.62,7.84,-0.78,16,55,418,20.71,0.364,-1.33,5.14,-39
Julian Niehues,1. FC Heidenheim,5.65,4.86,-0.79,283,376,418,6.78,0.323,-1.32,1.87,-93
Tyler Adams,Bournemouth,5.74,4.94,-0.79,273,366,418,11.08,0.317,-1.69,2.32,-93
Bara Sapoko Ndiaye,FC Bayern München,6.19,5.39,-0.8,212,339,418,9.62,0.332,-2.76,1.0,-127
Lewis Cook,Bournemouth,6.35,5.55,-0.8,201,295,418,8.09,0.34,-1.06,2.39,-94
Ardon Jashari,AC Milan,6.89,6.09,-0.8,138,232,418,10.78,0.356,-1.34,2.23,-94
Niccolò Pisilli,AS Roma,7.06,6.24,-0.82,120,214,418,10.64,0.366,-1.37,2.92,-94
Marc Casadó,FC Barcelona,6.28,5.46,-0.82,210,306,418,11.95,0.339,-1.77,1.52,-96
Johan Manzambi,SC Freiburg,6.54,5.71,-0.84,179,277,418,9.82,0.338,-1.05,2.19,-98
Kobbie Mainoo,Manchester United,6.17,5.33,-0.85,222,321,418,12.16,0.329,-1.62,2.32,-99
Stanislav Lobotka,SSC Napoli,7.66,6.81,-0.85,70,147,418,17.01,0.328,-0.99,4.03,-77
Axel Witsel,Girona FC,6.44,5.58,-0.86,191,292,418,13.0,0.313,-1.09,2.81,-101
Scott McTominay,SSC Napoli,6.42,5.56,-0.86,193,294,418,11.45,0.323,-1.09,2.42,-101
Michel Aebischer,Pisa,6.96,6.07,-0.89,130,234,418,11.68,0.323,-0.57,3.23,-104
Arthur Atta,Udinese,6.57,5.65,-0.91,176,283,418,8.99,0.335,-0.83,2.31,-107
Farès Chaïbi,Eintracht Frankfurt,6.06,5.14,-0.92,235,343,418,7.44,0.333,-1.15,2.18,-108
James Sands,FC St. Pauli,6.8,5.88,-0.92,149,257,418,9.4,0.339,-0.84,2.96,-108
Santiago Colombatto,Real Oviedo,6.04,5.1,-0.94,238,348,418,8.46,0.311,-0.76,2.91,-110
Douglas Luiz,Aston Villa,6.0,5.05,-0.95,242,353,418,9.08,0.322,-1.37,2.4,-111
Ezequiel Fernández,Bayer 04 Leverkusen,6.95,6.0,-0.95,131,242,418,12.0,0.33,-0.92,2.9,-111
Amadou Onana,Aston Villa,6.29,5.34,-0.96,208,320,418,9.45,0.323,-0.94,2.64,-112
James Garner,Everton,7.6,6.61,-0.99,75,171,418,13.89,0.351,-1.19,3.66,-96
Khéphren Thuram,Juventus,7.35,6.36,-0.99,96,200,418,12.87,0.346,-1.08,3.4,-104
James Ward-Prowse,Burnley,6.23,5.22,-1.01,216,334,418,9.98,0.332,-1.53,2.11,-118
Han-Noah Massengo,FC Augsburg,6.6,5.59,-1.01,172,290,418,9.5,0.34,-1.15,2.97,-118
Reece James,Chelsea,6.71,5.68,-1.03,159,280,418,12.7,0.316,-1.02,3.0,-121
Eduardo Camavinga,Real Madrid,7.02,5.96,-1.06,124,247,418,11.8,0.346,-1.35,2.9,-123
James Milner,Brighton & Hove Albion,6.82,5.75,-1.07,147,272,418,8.13,0.354,-1.21,3.17,-125
Jon Gorrotxategi,Real Sociedad,6.75,5.66,-1.09,155,282,418,12.2,0.324,-1.16,3.33,-127
Ethan Ampadu,Leeds United,7.24,6.15,-1.1,105,225,418,13.96,0.331,-1.16,3.49,-120
Samú Costa,Mallorca,6.22,5.11,-1.1,217,346,418,9.52,0.321,-1.17,2.53,-129
Maximilian Eggestein,SC Freiburg,6.93,5.81,-1.12,134,265,418,12.07,0.339,-1.39,2.97,-131
Bernardo Silva,Manchester City,7.11,6.0,-1.12,116,243,418,15.78,0.31,-1.08,3.38,-127
Idrissa Gana Gueye,Everton,7.33,6.18,-1.14,98,221,418,12.94,0.35,-1.41,3.28,-123
Gonzalo Villar,Elche,6.82,5.68,-1.14,145,281,418,10.27,0.356,-1.85,2.5,-136
Omar Mascarell,Mallorca,6.46,5.3,-1.15,189,324,418,9.7,0.316,-0.81,2.83,-135
Federico Valverde,Real Madrid,8.26,7.09,-1.17,31,118,418,18.4,0.354,-1.6,4.61,-87
Eric Martel,1. FC Köln,6.12,4.92,-1.2,228,369,418,11.62,0.297,-1.22,2.81,-141
Marc Aguado,Elche,6.27,5.0,-1.26,211,359,418,10.7,0.315,-1.43,2.54,-148
Éderson,Atalanta,7.41,6.14,-1.27,91,226,418,13.67,0.349,-1.61,3.33,-135
Jordan Henderson,Brentford,6.52,5.2,-1.32,181,336,418,9.36,0.332,-1.36,2.47,-155
Nicolò Rovella,Lazio,6.92,5.46,-1.45,135,305,418,13.77,0.332,-2.02,2.91,-170
Curtis Jones,Liverpool FC,7.72,6.27,-1.45,65,211,418,15.18,0.346,-1.66,4.09,-146
Alex Iwobi,Fulham,6.29,4.5,-1.79,1,2,2,14.49,0.35,-0.18,4.45,-1
