label,flag_rate_pct,short_rate_pct,long_rate_pct,jaccard_vs_threat_m4,player_rate_spearman,mean_xp_flagged,mean_xp_other,mean_res_flagged,mean_prog_flagged,cohens_d_xp,cohens_d_res,cohens_d_prog
global_z · Equal (⅓ each) · P90 global,10.0,7.953,26.692,0.6187,0.8202,0.7569,0.305,0.22,0.8176,2.837,2.973,1.812
global_z · Equal (⅓ each) · P90 per-band,10.0,10.0,10.001,0.6883,0.9,0.715,0.3097,0.2177,0.8095,2.375,2.893,1.77
global_z · Equal (⅓ each) · P92 global,7.5,5.963,20.035,0.63,0.8089,0.7783,0.3155,0.2422,0.8511,2.906,3.211,1.854
global_z · Equal (⅓ each) · P92 per-band,7.5,7.5,7.502,0.7716,0.8868,0.7456,0.3181,0.2405,0.8368,2.573,3.15,1.801
global_z · Equal (⅓ each) · P95 global,5.0,3.923,13.782,0.495,0.7405,0.7971,0.3267,0.2718,0.8746,2.906,3.539,1.86
global_z · Equal (⅓ each) · P95 per-band,5.0,5.0,5.001,0.6627,0.83,0.771,0.328,0.27,0.8663,2.686,3.482,1.833
global_z · Equal (⅓ each) · P97 global,3.0,2.39,7.974,0.3551,0.6224,0.8077,0.336,0.3054,0.8928,2.848,3.91,1.86
global_z · Equal (⅓ each) · P97 per-band,3.0,3.0,3.0,0.4071,0.6627,0.7896,0.3366,0.3032,0.8883,2.721,3.848,1.847
global_z · Equal (⅓ each) · P90 score + progress≥P60,9.663,7.657,26.024,0.6021,0.8078,0.7605,0.3063,0.2194,0.8393,2.844,2.912,1.888
global_z · xP-heavy (50/35/15) · P90 global,10.0,7.661,29.078,0.6187,0.8233,0.7666,0.3039,0.2177,0.7961,3.023,2.901,1.738
global_z · xP-heavy (50/35/15) · P90 per-band,10.0,10.0,10.001,0.7036,0.9184,0.7221,0.3089,0.2171,0.7775,2.5,2.881,1.655
global_z · xP-heavy (50/35/15) · P92 global,7.5,5.757,21.712,0.6101,0.8008,0.7859,0.3149,0.2404,0.8332,3.024,3.153,1.795
global_z · xP-heavy (50/35/15) · P92 per-band,7.5,7.5,7.502,0.7951,0.9026,0.7521,0.3176,0.2394,0.8162,2.692,3.125,1.73
global_z · xP-heavy (50/35/15) · P95 global,5.0,3.801,14.782,0.4759,0.7255,0.8027,0.3264,0.2704,0.8628,2.972,3.49,1.823
global_z · xP-heavy (50/35/15) · P95 per-band,5.0,5.0,5.001,0.6694,0.836,0.7762,0.3278,0.2692,0.85,2.76,3.457,1.781
global_z · xP-heavy (50/35/15) · P97 global,3.0,2.284,8.838,0.3396,0.6384,0.8162,0.3358,0.3027,0.881,2.931,3.828,1.826
global_z · xP-heavy (50/35/15) · P97 per-band,3.0,3.0,3.0,0.4077,0.6733,0.7941,0.3365,0.3022,0.8765,2.767,3.815,1.812
global_z · xP-heavy (50/35/15) · P90 score + progress≥P60,9.511,7.247,27.968,0.5994,0.7967,0.7727,0.3058,0.2174,0.8283,3.051,2.827,1.848
global_z · Residual-heavy (30/50/20) · P90 global,10.0,8.192,24.742,0.6533,0.8637,0.7412,0.3068,0.2262,0.7858,2.599,3.201,1.69
global_z · Residual-heavy (30/50/20) · P90 per-band,10.0,10.0,10.001,0.7134,0.9097,0.7034,0.311,0.2235,0.7683,2.219,3.101,1.618
global_z · Residual-heavy (30/50/20) · P92 global,7.5,6.15,18.51,0.6469,0.8239,0.7618,0.3168,0.2486,0.8202,2.672,3.435,1.744
global_z · Residual-heavy (30/50/20) · P92 per-band,7.5,7.5,7.502,0.805,0.9076,0.7328,0.3192,0.246,0.8042,2.397,3.337,1.685
global_z · Residual-heavy (30/50/20) · P95 global,5.0,4.105,12.301,0.5127,0.7424,0.7813,0.3275,0.2778,0.8476,2.72,3.739,1.771
global_z · Residual-heavy (30/50/20) · P95 per-band,5.0,5.0,5.001,0.6338,0.8015,0.7581,0.3287,0.2753,0.8373,2.519,3.654,1.737
global_z · Residual-heavy (30/50/20) · P97 global,3.0,2.479,7.253,0.3686,0.6391,0.7941,0.3365,0.3107,0.8674,2.726,4.085,1.783
global_z · Residual-heavy (30/50/20) · P97 per-band,3.0,3.0,3.0,0.4012,0.6579,0.7791,0.3369,0.3075,0.8651,2.619,3.982,1.775
global_z · Residual-heavy (30/50/20) · P90 score + progress≥P60,9.329,7.581,23.578,0.631,0.8203,0.75,0.3091,0.2267,0.8335,2.636,3.101,1.858
global_z · Progress-heavy (35/35/30) · P90 global,10.0,7.938,26.813,0.623,0.8233,0.7572,0.305,0.2204,0.8121,2.846,2.987,1.792
global_z · Progress-heavy (35/35/30) · P90 per-band,10.0,10.0,10.001,0.6951,0.9026,0.715,0.3097,0.2184,0.802,2.377,2.917,1.743
global_z · Progress-heavy (35/35/30) · P92 global,7.5,5.958,20.074,0.6321,0.8092,0.7781,0.3155,0.2427,0.8464,2.904,3.229,1.838
global_z · Progress-heavy (35/35/30) · P92 per-band,7.5,7.5,7.502,0.7793,0.895,0.7457,0.3181,0.241,0.8314,2.577,3.166,1.783
global_z · Progress-heavy (35/35/30) · P95 global,5.0,3.925,13.767,0.4953,0.7369,0.7967,0.3267,0.2724,0.8701,2.903,3.557,1.845
global_z · Progress-heavy (35/35/30) · P95 per-band,5.0,5.0,5.001,0.6622,0.8336,0.7708,0.3281,0.2705,0.8615,2.685,3.498,1.817
global_z · Progress-heavy (35/35/30) · P97 global,3.0,2.392,7.959,0.3558,0.6299,0.8072,0.3361,0.3059,0.8893,2.844,3.925,1.85
global_z · Progress-heavy (35/35/30) · P97 per-band,3.0,3.0,3.0,0.4068,0.6561,0.7894,0.3366,0.3036,0.8852,2.719,3.858,1.838
global_z · Progress-heavy (35/35/30) · P90 score + progress≥P60,9.613,7.598,26.042,0.6049,0.8091,0.7615,0.3065,0.2199,0.8374,2.857,2.92,1.88
global_z · Value+surprise (45/45/10) · P90 global,10.0,7.882,27.27,0.6413,0.8567,0.7561,0.3051,0.2224,0.7813,2.845,3.062,1.679
global_z · Value+surprise (45/45/10) · P90 per-band,10.0,10.0,10.001,0.7121,0.9211,0.7139,0.3098,0.221,0.7589,2.377,3.011,1.587
global_z · Value+surprise (45/45/10) · P92 global,7.5,5.932,20.29,0.6365,0.8229,0.7757,0.3157,0.245,0.8176,2.881,3.31,1.739
global_z · Value+surprise (45/45/10) · P92 per-band,7.5,7.5,7.502,0.8143,0.9083,0.7441,0.3183,0.2432,0.7992,2.572,3.243,1.67
global_z · Value+surprise (45/45/10) · P95 global,5.0,3.949,13.568,0.4978,0.7472,0.7935,0.3269,0.2745,0.8488,2.874,3.631,1.776
global_z · Value+surprise (45/45/10) · P95 per-band,5.0,5.0,5.001,0.6578,0.8254,0.769,0.3282,0.2725,0.8345,2.672,3.565,1.729
global_z · Value+surprise (45/45/10) · P97 global,3.0,2.39,7.974,0.3561,0.6498,0.8044,0.3361,0.308,0.8674,2.822,3.993,1.784
global_z · Value+surprise (45/45/10) · P97 per-band,3.0,3.0,3.0,0.4048,0.6689,0.7869,0.3367,0.3054,0.865,2.699,3.915,1.775
global_z · Value+surprise (45/45/10) · P90 score + progress≥P60,9.323,7.284,25.95,0.619,0.8117,0.7653,0.3075,0.2229,0.8285,2.895,2.968,1.843
global_z · Balanced (45/35/20) · P90 global,10.0,7.74,28.431,0.6197,0.827,0.7644,0.3042,0.2185,0.8008,2.98,2.926,1.754
global_z · Balanced (45/35/20) · P90 per-band,10.0,10.0,10.001,0.7021,0.9062,0.7201,0.3091,0.2176,0.7855,2.466,2.895,1.683
global_z · Balanced (45/35/20) · P92 global,7.5,5.823,21.178,0.6191,0.8019,0.7837,0.315,0.2412,0.8376,2.993,3.18,1.809
global_z · Balanced (45/35/20) · P92 per-band,7.5,7.5,7.502,0.7917,0.8938,0.7507,0.3177,0.2398,0.8208,2.666,3.135,1.746
global_z · Balanced (45/35/20) · P95 global,5.0,3.84,14.465,0.4821,0.7276,0.8009,0.3265,0.2711,0.8653,2.952,3.513,1.831
global_z · Balanced (45/35/20) · P95 per-band,5.0,5.0,5.001,0.6687,0.8267,0.775,0.3278,0.2695,0.8537,2.745,3.468,1.793
global_z · Balanced (45/35/20) · P97 global,3.0,2.319,8.553,0.3449,0.6355,0.8132,0.3359,0.304,0.8836,2.901,3.865,1.833
global_z · Balanced (45/35/20) · P97 per-band,3.0,3.0,3.0,0.4073,0.6706,0.7924,0.3365,0.3028,0.8795,2.749,3.834,1.821
global_z · Balanced (45/35/20) · P90 score + progress≥P60,9.544,7.35,27.439,0.6007,0.8021,0.7699,0.3059,0.2181,0.8307,3.002,2.854,1.857
global_z · xP+residual only (50/50/0) · P90 global,10.0,7.873,27.347,0.6472,0.848,0.7547,0.3052,0.223,0.7668,2.832,3.087,1.627
global_z · xP+residual only (50/50/0) · P90 per-band,10.0,10.0,10.001,0.7113,0.9202,0.7127,0.3099,0.2217,0.7388,2.365,3.036,1.516
global_z · xP+residual only (50/50/0) · P92 global,7.5,5.922,20.373,0.6321,0.8276,0.7739,0.3158,0.2458,0.8032,2.861,3.338,1.689
global_z · xP+residual only (50/50/0) · P92 per-band,7.5,7.5,7.502,0.8224,0.9251,0.7426,0.3184,0.2439,0.7832,2.558,3.269,1.614
global_z · xP+residual only (50/50/0) · P95 global,5.0,3.955,13.521,0.4979,0.7396,0.7918,0.327,0.2752,0.838,2.857,3.655,1.742
global_z · xP+residual only (50/50/0) · P95 per-band,5.0,5.0,5.001,0.6537,0.8262,0.7676,0.3282,0.2731,0.8211,2.659,3.586,1.685
global_z · xP+residual only (50/50/0) · P97 global,3.0,2.387,8.004,0.3552,0.6549,0.8028,0.3362,0.3086,0.8572,2.808,4.014,1.754
global_z · xP+residual only (50/50/0) · P97 per-band,3.0,3.0,3.0,0.4034,0.655,0.7858,0.3367,0.3059,0.8552,2.688,3.93,1.745
global_z · PCA band (0.31/0.51/0.17) · P90 global,10.0,8.177,24.863,0.6549,0.8634,0.7416,0.3067,0.2263,0.7819,2.608,3.204,1.676
global_z · PCA band (0.31/0.51/0.17) · P90 per-band,10.0,10.0,10.001,0.7147,0.9092,0.7037,0.3109,0.2237,0.7632,2.225,3.107,1.6
global_z · PCA band (0.31/0.51/0.17) · P92 global,7.5,6.139,18.602,0.6458,0.8253,0.762,0.3168,0.2487,0.8166,2.677,3.439,1.732
global_z · PCA band (0.31/0.51/0.17) · P92 per-band,7.5,7.5,7.502,0.8078,0.9092,0.733,0.3192,0.2461,0.8006,2.402,3.34,1.672
global_z · PCA band (0.31/0.51/0.17) · P95 global,5.0,4.1,12.343,0.5126,0.7412,0.7815,0.3275,0.2778,0.8452,2.725,3.741,1.764
global_z · PCA band (0.31/0.51/0.17) · P95 per-band,5.0,5.0,5.001,0.6335,0.8126,0.7582,0.3287,0.2754,0.8334,2.522,3.659,1.723
global_z · PCA band (0.31/0.51/0.17) · P97 global,3.0,2.476,7.277,0.3683,0.6459,0.794,0.3365,0.3108,0.8647,2.726,4.09,1.775
global_z · PCA band (0.31/0.51/0.17) · P97 per-band,3.0,3.0,3.0,0.4011,0.6625,0.7793,0.3369,0.3075,0.8628,2.621,3.984,1.768
global_z · PCA band (0.31/0.51/0.17) · P90 score + progress≥P60,9.292,7.533,23.635,0.6321,0.8183,0.751,0.3091,0.2269,0.8323,2.649,3.103,1.853
global_z · Inv-var band (0.34/0.18/0.49) · P90 global,10.0,7.77,28.187,0.5571,0.8089,0.7694,0.3036,0.209,0.8492,3.054,2.628,1.932
global_z · Inv-var band (0.34/0.18/0.49) · P90 per-band,10.0,10.0,10.001,0.6164,0.8432,0.7258,0.3085,0.2042,0.8608,2.548,2.498,1.961
global_z · Inv-var band (0.34/0.18/0.49) · P92 global,7.5,5.764,21.658,0.5709,0.7691,0.7907,0.3145,0.2314,0.8822,3.08,2.878,1.964
global_z · Inv-var band (0.34/0.18/0.49) · P92 per-band,7.5,7.5,7.502,0.6973,0.8687,0.7551,0.3174,0.2302,0.8717,2.722,2.855,1.924
global_z · Inv-var band (0.34/0.18/0.49) · P95 global,5.0,3.708,15.539,0.4614,0.7126,0.8121,0.3259,0.2591,0.9074,3.063,3.155,1.965
global_z · Inv-var band (0.34/0.18/0.49) · P95 per-band,5.0,5.0,5.001,0.6374,0.7993,0.7804,0.3276,0.26,0.9003,2.804,3.201,1.942
global_z · Inv-var band (0.34/0.18/0.49) · P97 global,3.0,2.15,9.936,0.3162,0.5977,0.8282,0.3354,0.2902,0.9249,3.03,3.478,1.955
global_z · Inv-var band (0.34/0.18/0.49) · P97 per-band,3.0,3.0,3.0,0.4127,0.6659,0.7988,0.3363,0.294,0.917,2.809,3.607,1.933
global_z · Inv-var band (0.34/0.18/0.49) · P90 score + progress≥P60,9.938,7.709,28.113,0.5527,0.8027,0.7698,0.3039,0.2085,0.8529,3.052,2.615,1.945
band_z · Equal (⅓ each) · P90 global,10.0,10.445,6.369,0.6927,0.9096,0.7046,0.3108,0.2136,0.8,2.286,2.782,1.733
band_z · Equal (⅓ each) · P90 per-band,10.0,10.0,10.001,0.6913,0.9013,0.7161,0.3095,0.2172,0.8082,2.384,2.891,1.762
band_z · Equal (⅓ each) · P92 global,7.5,8.103,2.588,0.7603,0.8809,0.7287,0.3195,0.2328,0.8212,2.424,2.97,1.747
band_z · Equal (⅓ each) · P92 per-band,7.5,7.5,7.502,0.7732,0.8907,0.7469,0.318,0.2399,0.8366,2.584,3.144,1.798
band_z · Equal (⅓ each) · P95 global,5.0,5.577,0.3,0.6729,0.8342,0.7543,0.3289,0.2565,0.8539,2.564,3.23,1.793
band_z · Equal (⅓ each) · P95 per-band,5.0,5.0,5.001,0.6637,0.8413,0.7716,0.328,0.2697,0.8654,2.691,3.482,1.828
band_z · Equal (⅓ each) · P97 global,3.0,3.368,0.0,0.4161,0.6759,0.7761,0.337,0.2899,0.8783,2.635,3.645,1.817
band_z · Equal (⅓ each) · P97 per-band,3.0,3.0,3.0,0.4102,0.6568,0.7903,0.3366,0.3027,0.8888,2.724,3.845,1.847
band_z · Equal (⅓ each) · P90 score + progress≥P60,9.368,9.736,6.369,0.6532,0.8614,0.7107,0.3129,0.2136,0.8451,2.297,2.7,1.894
band_z · xP-heavy (50/35/15) · P90 global,10.0,10.701,4.282,0.6894,0.9078,0.705,0.3108,0.2098,0.7609,2.349,2.693,1.598
band_z · xP-heavy (50/35/15) · P90 per-band,10.0,10.0,10.001,0.7037,0.9205,0.7231,0.3088,0.2165,0.7777,2.508,2.87,1.654
band_z · xP-heavy (50/35/15) · P92 global,7.5,8.261,1.294,0.7619,0.9094,0.7314,0.3193,0.228,0.7915,2.51,2.881,1.647
band_z · xP-heavy (50/35/15) · P92 per-band,7.5,7.5,7.502,0.7952,0.9042,0.753,0.3175,0.2388,0.817,2.697,3.117,1.731
band_z · xP-heavy (50/35/15) · P95 global,5.0,5.613,0.003,0.6743,0.8394,0.7588,0.3287,0.2539,0.8329,2.636,3.196,1.728
band_z · xP-heavy (50/35/15) · P95 per-band,5.0,5.0,5.001,0.6716,0.8342,0.7768,0.3277,0.2688,0.8504,2.763,3.453,1.782
band_z · xP-heavy (50/35/15) · P97 global,3.0,3.368,0.0,0.416,0.7015,0.7803,0.3369,0.2889,0.8663,2.677,3.617,1.781
band_z · xP-heavy (50/35/15) · P97 per-band,3.0,3.0,3.0,0.4104,0.6716,0.7947,0.3364,0.3018,0.8768,2.77,3.812,1.812
band_z · xP-heavy (50/35/15) · P90 score + progress≥P60,9.032,9.615,4.282,0.6592,0.8665,0.7165,0.3138,0.2115,0.8322,2.399,2.606,1.843
band_z · Residual-heavy (30/50/20) · P90 global,10.0,10.545,5.556,0.7069,0.8972,0.69,0.3124,0.2185,0.7544,2.108,2.955,1.569
band_z · Residual-heavy (30/50/20) · P90 per-band,10.0,10.0,10.001,0.7141,0.908,0.7043,0.3108,0.2233,0.7679,2.226,3.097,1.614
band_z · Residual-heavy (30/50/20) · P92 global,7.5,8.124,2.416,0.7834,0.9096,0.7157,0.3206,0.2377,0.7878,2.254,3.129,1.628
band_z · Residual-heavy (30/50/20) · P92 per-band,7.5,7.5,7.502,0.8063,0.9087,0.7338,0.3191,0.2456,0.805,2.405,3.331,1.685
band_z · Residual-heavy (30/50/20) · P95 global,5.0,5.558,0.451,0.65,0.8315,0.7406,0.3296,0.2629,0.8223,2.384,3.409,1.688
band_z · Residual-heavy (30/50/20) · P95 per-band,5.0,5.0,5.001,0.638,0.8129,0.7587,0.3287,0.2751,0.8371,2.523,3.653,1.734
band_z · Residual-heavy (30/50/20) · P97 global,3.0,3.368,0.003,0.4104,0.6748,0.7647,0.3374,0.2942,0.855,2.517,3.774,1.745
band_z · Residual-heavy (30/50/20) · P97 per-band,3.0,3.0,3.0,0.4031,0.6639,0.7796,0.3369,0.3073,0.8653,2.622,3.981,1.775
band_z · Residual-heavy (30/50/20) · P90 score + progress≥P60,8.973,9.392,5.556,0.6782,0.8555,0.7026,0.3155,0.2209,0.8342,2.153,2.859,1.849
band_z · Progress-heavy (35/35/30) · P90 global,10.0,10.486,6.033,0.6978,0.9091,0.7034,0.311,0.2139,0.7906,2.277,2.797,1.699
band_z · Progress-heavy (35/35/30) · P90 per-band,10.0,10.0,10.001,0.6974,0.8989,0.7161,0.3095,0.2179,0.8005,2.385,2.915,1.734
band_z · Progress-heavy (35/35/30) · P92 global,7.5,8.129,2.374,0.7638,0.8894,0.7281,0.3196,0.2328,0.8141,2.422,2.975,1.722
band_z · Progress-heavy (35/35/30) · P92 per-band,7.5,7.5,7.502,0.7806,0.8874,0.7468,0.318,0.2404,0.8318,2.585,3.16,1.781
band_z · Progress-heavy (35/35/30) · P95 global,5.0,5.582,0.258,0.6745,0.8453,0.7539,0.3289,0.2568,0.8483,2.562,3.244,1.775
band_z · Progress-heavy (35/35/30) · P95 per-band,5.0,5.0,5.001,0.6646,0.8415,0.7715,0.328,0.2702,0.8605,2.691,3.497,1.813
band_z · Progress-heavy (35/35/30) · P97 global,3.0,3.368,0.0,0.4161,0.6755,0.7761,0.337,0.2901,0.8752,2.635,3.653,1.808
band_z · Progress-heavy (35/35/30) · P97 per-band,3.0,3.0,3.0,0.4099,0.6572,0.79,0.3366,0.3032,0.8854,2.722,3.857,1.837
band_z · Progress-heavy (35/35/30) · P90 score + progress≥P60,9.287,9.685,6.033,0.6588,0.8634,0.7106,0.3133,0.2143,0.8422,2.295,2.71,1.883
band_z · Value+surprise (45/45/10) · P90 global,10.0,10.679,4.463,0.6945,0.8939,0.6968,0.3117,0.2143,0.7415,2.227,2.829,1.528
band_z · Value+surprise (45/45/10) · P90 per-band,10.0,10.0,10.001,0.7123,0.9209,0.7148,0.3097,0.2206,0.7592,2.384,3.004,1.586
band_z · Value+surprise (45/45/10) · P92 global,7.5,8.228,1.567,0.7772,0.9014,0.7242,0.3199,0.2326,0.7777,2.398,3.001,1.596
band_z · Value+surprise (45/45/10) · P92 per-band,7.5,7.5,7.502,0.8148,0.9088,0.745,0.3182,0.2428,0.8003,2.58,3.235,1.672
band_z · Value+surprise (45/45/10) · P95 global,5.0,5.602,0.095,0.6753,0.8611,0.7512,0.3291,0.258,0.818,2.539,3.305,1.677
band_z · Value+surprise (45/45/10) · P95 per-band,5.0,5.0,5.001,0.6624,0.8358,0.7697,0.3281,0.2722,0.8349,2.677,3.56,1.73
band_z · Value+surprise (45/45/10) · P97 global,3.0,3.368,0.0,0.4148,0.6827,0.7741,0.3371,0.2918,0.8548,2.617,3.7,1.744
band_z · Value+surprise (45/45/10) · P97 per-band,3.0,3.0,3.0,0.4067,0.6719,0.7875,0.3367,0.3052,0.8654,2.702,3.912,1.776
band_z · Value+surprise (45/45/10) · P90 score + progress≥P60,8.859,9.398,4.463,0.6726,0.8514,0.7116,0.3151,0.2173,0.8299,2.294,2.74,1.831
band_z · Balanced (45/35/20) · P90 global,10.0,10.637,4.808,0.6951,0.9104,0.7047,0.3108,0.2112,0.7711,2.331,2.725,1.632
band_z · Balanced (45/35/20) · P90 per-band,10.0,10.0,10.001,0.7031,0.9073,0.7211,0.309,0.2171,0.7852,2.473,2.887,1.679
band_z · Balanced (45/35/20) · P92 global,7.5,8.214,1.68,0.7636,0.8978,0.7312,0.3193,0.2297,0.7988,2.493,2.909,1.671
band_z · Balanced (45/35/20) · P92 per-band,7.5,7.5,7.502,0.7918,0.8993,0.7516,0.3177,0.2393,0.8215,2.671,3.128,1.746
band_z · Balanced (45/35/20) · P95 global,5.0,5.608,0.045,0.6767,0.8403,0.7577,0.3288,0.2545,0.8375,2.62,3.209,1.742
band_z · Balanced (45/35/20) · P95 per-band,5.0,5.0,5.001,0.6707,0.8371,0.7755,0.3278,0.2692,0.8535,2.747,3.466,1.791
band_z · Balanced (45/35/20) · P97 global,3.0,3.368,0.0,0.416,0.6986,0.7789,0.3369,0.2895,0.8691,2.663,3.632,1.79
band_z · Balanced (45/35/20) · P97 per-band,3.0,3.0,3.0,0.4106,0.6662,0.793,0.3365,0.3024,0.88,2.752,3.83,1.822
band_z · Balanced (45/35/20) · P90 score + progress≥P60,9.12,9.649,4.808,0.6606,0.8673,0.7147,0.3136,0.2123,0.8355,2.368,2.637,1.856
band_z · xP+residual only (50/50/0) · P90 global,10.0,10.754,3.849,0.685,0.8934,0.6936,0.312,0.2139,0.7179,2.2,2.828,1.448
band_z · xP+residual only (50/50/0) · P90 per-band,10.0,10.0,10.001,0.7112,0.9194,0.7135,0.3098,0.2214,0.7401,2.371,3.029,1.52
band_z · xP+residual only (50/50/0) · P92 global,7.5,8.263,1.279,0.7791,0.8992,0.7221,0.32,0.2323,0.7611,2.381,3.008,1.54
band_z · xP+residual only (50/50/0) · P92 per-band,7.5,7.5,7.502,0.8222,0.9249,0.7433,0.3183,0.2436,0.7846,2.564,3.263,1.618
band_z · xP+residual only (50/50/0) · P95 global,5.0,5.607,0.05,0.6712,0.8634,0.7498,0.3292,0.2583,0.8043,2.527,3.322,1.633
band_z · xP+residual only (50/50/0) · P95 per-band,5.0,5.0,5.001,0.6576,0.8324,0.7683,0.3282,0.2729,0.8223,2.665,3.581,1.688
band_z · xP+residual only (50/50/0) · P97 global,3.0,3.368,0.0,0.414,0.695,0.773,0.3371,0.2922,0.8451,2.608,3.715,1.715
band_z · xP+residual only (50/50/0) · P97 per-band,3.0,3.0,3.0,0.4048,0.6572,0.7864,0.3367,0.3057,0.8562,2.692,3.927,1.748
band_z · PCA band (0.31/0.51/0.17) · P90 global,10.0,10.57,5.351,0.7046,0.8894,0.6895,0.3125,0.2184,0.7481,2.107,2.954,1.547
band_z · PCA band (0.31/0.51/0.17) · P90 per-band,10.0,10.0,10.001,0.7154,0.909,0.7045,0.3108,0.2234,0.7629,2.231,3.103,1.596
band_z · PCA band (0.31/0.51/0.17) · P92 global,7.5,8.135,2.327,0.7854,0.9086,0.7155,0.3206,0.2376,0.7827,2.256,3.129,1.611
band_z · PCA band (0.31/0.51/0.17) · P92 per-band,7.5,7.5,7.502,0.8088,0.9095,0.7339,0.3191,0.2458,0.8009,2.409,3.336,1.671
band_z · PCA band (0.31/0.51/0.17) · P95 global,5.0,5.563,0.41,0.6501,0.8328,0.7406,0.3296,0.2628,0.8189,2.387,3.409,1.677
band_z · PCA band (0.31/0.51/0.17) · P95 per-band,5.0,5.0,5.001,0.6381,0.8179,0.7588,0.3287,0.2752,0.8335,2.527,3.656,1.723
band_z · PCA band (0.31/0.51/0.17) · P97 global,3.0,3.368,0.003,0.4109,0.6734,0.7649,0.3374,0.2943,0.8523,2.522,3.775,1.736
band_z · PCA band (0.31/0.51/0.17) · P97 per-band,3.0,3.0,3.0,0.4028,0.6638,0.7796,0.3369,0.3074,0.8629,2.623,3.984,1.768
band_z · PCA band (0.31/0.51/0.17) · P90 score + progress≥P60,8.916,9.354,5.351,0.6791,0.8476,0.7031,0.3156,0.2211,0.8331,2.159,2.859,1.843
band_z · Inv-var band (0.34/0.18/0.49) · P90 global,10.0,10.228,8.14,0.6196,0.8404,0.7214,0.3089,0.2017,0.8554,2.511,2.453,1.939
band_z · Inv-var band (0.34/0.18/0.49) · P90 per-band,10.0,10.0,10.001,0.6189,0.8482,0.7271,0.3083,0.2035,0.8584,2.562,2.498,1.949
band_z · Inv-var band (0.34/0.18/0.49) · P92 global,7.5,8.029,3.19,0.6992,0.8852,0.7407,0.3185,0.2234,0.8603,2.599,2.71,1.885
band_z · Inv-var band (0.34/0.18/0.49) · P92 per-band,7.5,7.5,7.502,0.6956,0.8736,0.7566,0.3172,0.2292,0.8701,2.738,2.848,1.917
band_z · Inv-var band (0.34/0.18/0.49) · P95 global,5.0,5.594,0.154,0.6332,0.8122,0.7626,0.3285,0.2466,0.8865,2.678,2.986,1.9
band_z · Inv-var band (0.34/0.18/0.49) · P95 per-band,5.0,5.0,5.001,0.6319,0.7943,0.7817,0.3275,0.2591,0.899,2.814,3.196,1.937
band_z · Inv-var band (0.34/0.18/0.49) · P97 global,3.0,3.368,0.0,0.4162,0.7042,0.7857,0.3367,0.281,0.9066,2.731,3.414,1.903
band_z · Inv-var band (0.34/0.18/0.49) · P97 per-band,3.0,3.0,3.0,0.4141,0.6762,0.7998,0.3363,0.2932,0.9163,2.816,3.604,1.93
band_z · Inv-var band (0.34/0.18/0.49) · P90 score + progress≥P60,9.814,10.019,8.14,0.6026,0.8273,0.7225,0.3097,0.2009,0.8673,2.505,2.421,1.982
